Technology,Life
KEDSGEN_1,15
KEDSGEN_2,15
KEDSGEN_3,15
KEDSGEN_4,15
KEDSGEN_5,15
KEDSGEN_6,15
KEDSGEN_7,15
KEDSGEN_8,15
KEDSGEN_9,15
KEDSGEN_10,15
KEDSGEN_11,15
KEDSGEN_12,15
KEDSGEN_13,15
KEDSGEN_14,15
KEDSGEN_15,15
KEDSGEN_16,15
KEDSGEN_17,15
KEDSGEN_18,15
KEDSGEN_19,15
KEDSGEN_20,15
KEDSGEN_21,15
KEDSGEN_22,15
KEDSGEN_23,15
KEDSGEN_24,15
KEDSGEN_25,15
KEDSGEN_26,15
KEDSGEN_27,15
KEDSGEN_28,15
KEDSGEN_29,15
KEDSGEN_30,15
KEDSGEN_31,15
KEDSGEN_32,15
KEDSGEN_33,15
KEDSGEN_34,15
KEDSGEN_35,15
KEDSGEN_36,15
KEDSGEN_37,15
KEDSGEN_38,15
KEDSGEN_39,15
KEDSGEN_40,15
KEDSGEN_41,15
KEDSGEN_42,15
KEDSGEN_43,15
KEDSGEN_44,15
KEDSGEN_45,15
KEDSGEN_46,15
KEDSGEN_47,15
KEDSGEN_48,15
KEDSGEN_49,15
KEDSGEN_50,15
KEDSGEN_51,15
KEDSGEN_52,15
KEDSGEN_53,15
KEDSGEN_54,15
KEDSGEN_55,15
KEDSGEN_56,15
KEDSGEN_57,15
KEDSGEN_58,15
KEDSGEN_59,15
KEDSGEN_60,15
KEDSGEN_61,15
KEDSGEN_62,15
KEDSGEN_63,15
KEDSGEN_64,15
KEDSGEN_65,15
KEDSGEN_66,15
KEDSGEN_67,15
KEDSGEN_68,15
KEDSGEN_69,15
KEDSGEN_70,15
KEDSGEN_71,15
KEDSGEN_72,15
KEDSGEN_73,15
KEDSGEN_74,15
KEDSGEN_75,15
KEDSGEN_76,15
KEDSGEN_77,15
KEDSGEN_78,15
KEDSGEN_79,15
KEDSGEN_80,15
KEDSGEN_81,15
KEDSGEN_82,15
KEDSGEN_83,15
KEDSGEN_84,15
KEDSGEN_85,15
KEDSGEN_86,15
KEDSGEN_87,15
KEDSGEN_88,15
KEDSGEN_89,15
KEDSGEN_90,15
KEDSGEN_91,15
KEDSGEN_92,15
KEDSGEN_93,15
KEDSGEN_94,15
KEDSGEN_95,15
KEDSGEN_96,15
KEDSGEN_97,15
KEDSGEN_98,15
KEDSGEN_99,15
KEDSGEN_100,15
KEDSGEN_101,15
KEDSGEN_102,15
KEDSGEN_103,15
KEDSGEN_104,15
KEDSGEN_105,15
KEDSGEN_106,15
KEDSGEN_107,15
KEDSGEN_108,15
KEDSGEN_109,15
KEDSGEN_110,15
KEDSGEN_111,15
KEDSGEN_112,15
KEDSGEN_113,15
KEDSGEN_114,15
KEDSGEN_115,15
KEDSGEN_116,15
KEDSGEN_117,15
KEDSGEN_118,15
KEDSGEN_120,15
KEDSGEN_121,15
KEDSGEN_122,15
KEDSGEN_123,15
KEDSGEN_124,15
KEDSGEN_125,15
KEDSGEN_126,15
KEDSGEN_127,15
KEDSGEN_128,15
KEDSGEN_129,15
KEDSGEN_130,15
KEDSGEN_131,15
KEDSGEN_132,15
KEDSGEN_133,15
KEDSGEN_134,15
KEDSGEN_135,15
KEDSGEN_136,15
KEDSGEN_137,15
KEDSGEN_138,15
KEDSGEN_139,15
KEDSGEN_140,15
KEDSGEN_141,15
KEDSGEN_142,15
KEDSGEN_143,15
KEDSGEN_144,15
KEDSGEN_145,15
KEDSGEN_146,15
KEDSGEN_147,15
KEDSGEN_148,15
KEDSGEN_149,15
KEDSGEN_150,15
KEDSGEN_151,15
KEDSGEN_152,15
KEDSGEN_153,15
KEDSGEN_154,15
KEDSGEN_155,15
KEDSGEN_156,15
KEDSGEN_157,15
KEDSGEN_158,15
KEDSGEN_159,15
KEDSGEN_160,15
KEDSGEN_161,15
KEDSGEN_162,15
KEDSGEN_163,15
KEDSGEN_164,15
KEDSGEN_165,15
KEDSGEN_166,15
KEDSGEN_167,15
KEDSGEN_168,15
KEDSGEN_169,15
KEDSGEN_170,15
KEDSGEN_171,15
KEDSGEN_172,15
KEDSGEN_173,15
KEDSGEN_174,15
KEDSGEN_175,15
KEDSGEN_176,15
KEDSGEN_177,15
KEDSGEN_178,15
KEDSGEN_179,15
KEDSGEN_180,15
KEDSGEN_181,15
KEDSGEN_182,15
KEDSGEN_183,15
KEDSGEN_184,15
KEDSGEN_185,15
KEDSGEN_186,15
KEDSGEN_187,15
KEDSGEN_188,15
KEDSGEN_189,15
KEDSGEN_190,15
KEDSGEN_191,15
KEDSGEN_192,15
KEDSGEN_193,15
KEDSGEN_194,15
KEDSGEN_195,15
KEDSGEN_196,15
KEDSGEN_197,15
KEDSGEN_198,15
KEDSGEN_199,15
KEDSGEN_200,15
KEDSGEN_201,15
KEDSGEN_202,15
KEDSGEN_203,15
KEDSGEN_204,15
KEDSGEN_205,15
KEDSGEN_206,15
KEDSGEN_207,15
KEDSGEN_208,15
KEDSGEN_209,15
KEDSGEN_210,15
KEDSGEN_211,15
KEDSGEN_212,15
KEDSGEN_213,15
KEDSGEN_214,15
KEDSGEN_215,15
KEDSGEN_216,15
KEDSGEN_217,15
KEDSGEN_218,15
KEDSGEN_219,15
KEDSGEN_220,15
KEDSGEN_221,15
KEDSGEN_222,15
KEDSGEN_223,15
KEDSGEN_224,15
KEDSGEN_225,15
KEDSGEN_226,15
KEDSGEN_227,15
KEDSGEN_228,15
KEDSGEN_229,15
KEDSGEN_230,15
KEDSGEN_231,15
KEDSGEN_232,15
KEDSGEN_233,15
KEDSGEN_234,15
KEDSGEN_235,15
KEDSGEN_236,15
KEDSGEN_237,15
KEDSGEN_238,15
KEDSGEN_239,15
KEDSGEN_240,15
KEDSGEN_241,15
KEDSGEN_242,15
KEDSGEN_243,15
KEDSGEN_244,15
KEDSGEN_245,15
KEDSGEN_246,15
KEDSGEN_247,15
KEDSGEN_248,15
KEDSGEN_249,15
KEDSGEN_250,15
KEDSGEN_252,15
KEDSGEN_253,15
KEDSGEN_254,15
KEDSGEN_255,15
KEDSGEN_256,15
KEDSGEN_257,15
KEDSGEN_258,15
KEDSGEN_259,15
KEDSGEN_260,15
KEDSGEN_261,15
KEDSGEN_262,15
KEDSGEN_263,15
KEDSGEN_264,15
KEDSGEN_265,15
KEDSGEN_266,15
KEDSGEN_267,15
KEDSGEN_268,15
KEDSGEN_269,15
KEDSGEN_270,15
KEDSGEN_271,15
KEDSGEN_272,15
KEDSGEN_273,15
KEDSGEN_274,15
KEDSGEN_275,15
KEDSGEN_276,15
KEDSGEN_277,15
KEDSGEN_278,15
KEDSGEN_279,15
KEDSGEN_280,15
KEDSGEN_281,15
KEDSGEN_282,15
KEDSGEN_283,15
KEDSGEN_284,15
KEDSGEN_285,15
KEDSGEN_286,15
KEDSGEN_287,15
KEDSGEN_288,15
KEDSGEN_289,15
KEDSGEN_290,15
KEDSGEN_291,15
KEDSGEN_292,15
KEDSGEN_293,15
KEDSGEN_294,15
KEDSGEN_295,15
KEDSGEN_296,15
KEDSGEN_297,15
KEDSGEN_298,15
KEDSGEN_299,15
KEDSGEN_300,15
KEDSGEN_301,15
KEDSGEN_302,15
KEDSGEN_303,15
KEDSGEN_304,15
KEDSGEN_305,15
KEDSGEN_306,15
KEDSGEN_307,15
KEDSGEN_308,15
KEDSGEN_309,15
KEDSGEN_310,15
KEDSGEN_311,15
KEDSGEN_312,15
KEDSGEN_313,15
KEDSGEN_314,15
KEDSGEN_315,15
KEDSGEN_316,15
KEDSGEN_317,15
KEDSGEN_318,15
KEDSGEN_319,15
KEDSGEN_320,15
KEDSGEN_321,15
KEDSGEN_322,15
KEDSGEN_323,15
KEDSGEN_324,15
KEDSGEN_325,15
KEDSGEN_326,15
KEDSGEN_327,15
KEDSGEN_328,15
KEDSGEN_329,15
KEDSGEN_330,15
KEDSGEN_331,15
KEDSGEN_332,15
KEDSGEN_333,15
KEDSGEN_334,15
KEDSGEN_335,15
KEDSGEN_336,15
KEDSGEN_339,15
KEDSGEN_340,15
KEDSGEN_341,15
KEDSGEN_342,15
KEDSGEN_343,15
KEDSGEN_344,15
KEDSGEN_345,15
KEDSGEN_346,15
KEDSGEN_347,15
KEDSGEN_351,15
KEDSGEN_352,15
KEDSGEN_353,15
KEDSGEN_354,15
KEDSGEN_355,15
KEDSGEN_356,15
KEDSGEN_357,15
KEDSGEN_358,15
KEDSGEN_359,15
KEDSGEN_360,15
KEDSGEN_361,15
KEDSGEN_362,15
KEDSGEN_363,15
KEDSGEN_364,15
KEDSGEN_365,15
KEDSGEN_366,15
KEDSGEN_367,15
KEDSGEN_368,15
KEDSGEN_369,15
KEDSGEN_370,15
KEDSGEN_371,15
KEDSGEN_372,15
KEDSGEN_373,15
KEDSGEN_374,15
KEDSGEN_375,15
KEDSGEN_376,15
TRHV_1,60
TRHV_2,60
TRHV_3,60
TRHV_4,60
TRHV_5,60
TRHV_6,60
TRHV_7,60
TRHV_9,60
TRHV_10,60
TRHV_11,60
TRHV_12,60
TRHV_13,60
TRHV_14,60
TRHV_15,60
TRHV_16,60
TRHV_18,60
TRHV_19,60
TRHV_24,60
TRHV_25,60
TRHV_26,60
TRHV_27,60
TRHV_28,60
TRHV_29,60
TRHV_30,60
TRHV_31,60
TRHV_32,60
TRHV_33,60
TRHV_34,60
TRHV_35,60
TRHV_36,60
TRHV_38,60
TRHV_40,60
TRHV_41,60
TRHV_42,60
TRHV_43,60
TRHV_44,60
TRHV_45,60
TRHV_46,60
TRHV_50,60
TRHV_52,60
TRHV_53,60
TRHV_54,60
TRHV_55,60
TRHV_56,60
TRHV_60,60
TRHV_62,60
TRHV_63,60
TRHV_65,60
TRHV_66,60
TRHV_67,60
TRHV_68,60
TRHV_69,60
TRHV_70,60
TRHV_71,60
TRHV_72,60
TRHV_73,60
TRHV_75,60
TRHV_76,60
TRHV_77,60
TRHV_78,60
TRHV_79,60
TRHV_81,60
TRHV_82,60
TRHV_83,60
TRHV_84,60
TRHV_85,60
TRHV_86,60
TRHV_87,60
TRHV_89,60
TRHV_90,60
TRHV_95,60
TRHV_96,60
TRHV_97,60
TRHV_98,60
TRHV_99,60
TRHV_101,60
TRHV_102,60
TRHV_103,60
TRHV_104,60
TRHV_107,60
TRHV_108,60
TRHV_111,60
TRHV_112,60
TRHV_113,60
TRHV_116,60
TRHV_118,60
TRHV_120,60
TRHV_121,60
TRHV_125,60
TRHV_128,60
TRHV_129,60
TRHV_130,60
TRHV_132,60
TRHV_133,60
TRHV_134,60
TRHV_135,60
TRHV_136,60
TRHV_137,60
TRHV_138,60
TRHV_139,60
TRHV_141,60
TRHV_142,60
TRHV_145,60
TRHV_149,60
TRHV_150,60
TRHV_151,60
TRHV_152,60
TRHV_154,60
TRHV_155,60
TRHV_156,60
TRHV_157,60
TRHV_159,60
TRHV_170,60
TRHV_174,60
TRHV_175,60
TRHV_176,60
TRHV_177,60
TRHV_185,60
TRHV_186,60
TRHV_189,60
TRHV_191,60
TRHV_192,60
TRHV_193,60
TRHV_195,60
TRHV_196,60
TRHV_210,60
TRHV_211,60
TRHV_212,60
TRHV_213,60
TRHV_214,60
TRHV_216,60
TRHV_230,60
TRHV_231,60
TRHV_232,60
TRHV_233,60
TRHV_234,60
TRHV_236,60
TRHV_250,60
TRHV_254,60
TRHV_255,60
TRHV_256,60
TRHV_271,60
TRHV_272,60
TRHV_274,60
TRHV_275,60
TRHV_276,60
TRHV_289,60
TRHV_290,60
TRHV_293,60
TRHV_294,60
TRHV_295,60
TRHV_297,60
TRHV_298,60
TRHV_299,60
TRHV_306,60
TRHV_307,60
TRHV_308,60
TRHV_309,60
TRHV_311,60
TRHV_312,60
TRHV_313,60
TRHV_315,60
TRHV_323,60
TRHV_324,60
TRHV_325,60
TRHV_326,60
TRHV_328,60
TRHV_329,60
TRHV_331,60
TRHV_339,60
TRHV_340,60
TRHV_351,60
TRHV_353,60
TRHV_356,60
TRHV_360,60
TRHV_363,60
TRHV_366,60
TRHV_372,60
KEEL00d_8,60
KEEL00d_17,60
KEEL00d_20,60
KEEL00d_21,60
KEEL00d_22,60
KEEL00d_23,60
KEEL00d_37,60
KEEL00d_39,60
KEEL00d_47,60
KEEL00d_48,60
KEEL00d_49,60
KEEL00d_51,60
KEEL00d_57,60
KEEL00d_58,60
KEEL00d_59,60
KEEL00d_61,60
KEEL00d_64,60
KEEL00d_74,60
KEEL00d_80,60
KEEL00d_88,60
KEEL00d_91,60
KEEL00d_92,60
KEEL00d_93,60
KEEL00d_94,60
KEEL00d_100,60
KEEL00d_105,60
KEEL00d_106,60
KEEL00d_109,60
KEEL00d_110,60
KEEL00d_114,60
KEEL00d_115,60
KEEL00d_117,60
KEEL00d_122,60
KEEL00d_123,60
KEEL00d_124,60
KEEL00d_126,60
KEEL00d_127,60
KEEL00d_131,60
KEEL00d_140,60
KEEL00d_143,60
KEEL00d_144,60
KEEL00d_146,60
KEEL00d_147,60
KEEL00d_148,60
KEEL00d_153,60
KEEL00d_158,60
KEEL00d_160,60
KEEL00d_161,60
KEEL00d_162,60
KEEL00d_163,60
KEEL00d_164,60
KEEL00d_165,60
KEEL00d_166,60
KEEL00d_167,60
KEEL00d_168,60
KEEL00d_169,60
KEEL00d_171,60
KEEL00d_172,60
KEEL00d_173,60
KEEL00d_178,60
KEEL00d_179,60
KEEL00d_180,60
KEEL00d_181,60
KEEL00d_182,60
KEEL00d_183,60
KEEL00d_184,60
KEEL00d_187,60
KEEL00d_188,60
KEEL00d_190,60
KEEL00d_194,60
KEEL00d_197,60
KEEL00d_198,60
KEEL00d_199,60
KEEL00d_200,60
KEEL00d_201,60
KEEL00d_202,60
KEEL00d_203,60
KEEL00d_204,60
KEEL00d_205,60
KEEL00d_206,60
KEEL00d_207,60
KEEL00d_208,60
KEEL00d_209,60
KEEL00d_215,60
KEEL00d_217,60
KEEL00d_218,60
KEEL00d_219,60
KEEL00d_220,60
KEEL00d_221,60
KEEL00d_222,60
KEEL00d_223,60
KEEL00d_224,60
KEEL00d_225,60
KEEL00d_226,60
KEEL00d_227,60
KEEL00d_228,60
KEEL00d_229,60
KEEL00d_235,60
KEEL00d_237,60
KEEL00d_238,60
KEEL00d_239,60
KEEL00d_240,60
KEEL00d_241,60
KEEL00d_242,60
KEEL00d_243,60
KEEL00d_244,60
KEEL00d_245,60
KEEL00d_246,60
KEEL00d_247,60
KEEL00d_248,60
KEEL00d_249,60
KEEL00d_252,60
KEEL00d_253,60
KEEL00d_257,60
KEEL00d_258,60
KEEL00d_259,60
KEEL00d_260,60
KEEL00d_261,60
KEEL00d_262,60
KEEL00d_263,60
KEEL00d_264,60
KEEL00d_265,60
KEEL00d_266,60
KEEL00d_267,60
KEEL00d_268,60
KEEL00d_269,60
KEEL00d_270,60
KEEL00d_273,60
KEEL00d_277,60
KEEL00d_278,60
KEEL00d_279,60
KEEL00d_280,60
KEEL00d_281,60
KEEL00d_282,60
KEEL00d_283,60
KEEL00d_284,60
KEEL00d_285,60
KEEL00d_286,60
KEEL00d_287,60
KEEL00d_288,60
KEEL00d_291,60
KEEL00d_292,60
KEEL00d_296,60
KEEL00d_300,60
KEEL00d_301,60
KEEL00d_302,60
KEEL00d_303,60
KEEL00d_304,60
KEEL00d_305,60
KEEL00d_310,60
KEEL00d_314,60
KEEL00d_316,60
KEEL00d_317,60
KEEL00d_318,60
KEEL00d_319,60
KEEL00d_320,60
KEEL00d_321,60
KEEL00d_322,60
KEEL00d_327,60
KEEL00d_330,60
KEEL00d_332,60
KEEL00d_333,60
KEEL00d_334,60
KEEL00d_335,60
KEEL00d_336,60
KEEL00d_341,60
KEEL00d_342,60
KEEL00d_343,60
KEEL00d_344,60
KEEL00d_345,60
KEEL00d_346,60
KEEL00d_347,60
KEEL00d_352,60
KEEL00d_354,60
KEEL00d_355,60
KEEL00d_357,60
KEEL00d_358,60
KEEL00d_359,60
KEEL00d_361,60
KEEL00d_362,60
KEEL00d_364,60
KEEL00d_365,60
KEEL00d_367,60
KEEL00d_368,60
KEEL00d_369,60
KEEL00d_370,60
KEEL00d_371,60
KEEL00d_373,60
KEEL00d_374,60
KEEL00d_375,60
KEEL00d_376,60
TRLV_1_0,60
TRLV_2_0,60
TRLV_3_0,60
TRLV_4_0,60
TRLV_5_0,60
TRLV_6_0,60
TRLV_7_0,60
TRLV_8_0,60
TRLV_8_1,60
TRLV_9_0,60
TRLV_10_0,60
TRLV_11_0,60
TRLV_12_0,60
TRLV_13_0,60
TRLV_14_0,60
TRLV_15_0,60
TRLV_16_0,60
TRLV_17_0,60
TRLV_17_1,60
TRLV_18_0,60
TRLV_19_0,60
TRLV_20_0,60
TRLV_20_1,60
TRLV_21_0,60
TRLV_21_1,60
TRLV_22_0,60
TRLV_22_1,60
TRLV_23_0,60
TRLV_23_1,60
TRLV_24_0,60
TRLV_25_0,60
TRLV_26_0,60
TRLV_27_0,60
TRLV_28_0,60
TRLV_29_0,60
TRLV_30_0,60
TRLV_31_0,60
TRLV_32_0,60
TRLV_33_0,60
TRLV_34_0,60
TRLV_35_0,60
TRLV_36_0,60
TRLV_37_0,60
TRLV_37_1,60
TRLV_38_0,60
TRLV_39_0,60
TRLV_39_1,60
TRLV_40_0,60
TRLV_41_0,60
TRLV_42_0,60
TRLV_43_0,60
TRLV_44_0,60
TRLV_45_0,60
TRLV_46_0,60
TRLV_47_0,60
TRLV_47_1,60
TRLV_48_0,60
TRLV_48_1,60
TRLV_49_0,60
TRLV_49_1,60
TRLV_50_0,60
TRLV_51_0,60
TRLV_51_1,60
TRLV_52_0,60
TRLV_53_0,60
TRLV_54_0,60
TRLV_55_0,60
TRLV_56_0,60
TRLV_57_0,60
TRLV_57_1,60
TRLV_58_0,60
TRLV_58_1,60
TRLV_59_0,60
TRLV_59_1,60
TRLV_60_0,60
TRLV_61_0,60
TRLV_61_1,60
TRLV_62_0,60
TRLV_63_0,60
TRLV_64_0,60
TRLV_64_1,60
TRLV_65_0,60
TRLV_66_0,60
TRLV_67_0,60
TRLV_68_0,60
TRLV_69_0,60
TRLV_70_0,60
TRLV_71_0,60
TRLV_72_0,60
TRLV_73_0,60
TRLV_74_0,60
TRLV_74_1,60
TRLV_75_0,60
TRLV_76_0,60
TRLV_77_0,60
TRLV_78_0,60
TRLV_79_0,60
TRLV_80_0,60
TRLV_80_1,60
TRLV_81_0,60
TRLV_82_0,60
TRLV_83_0,60
TRLV_84_0,60
TRLV_85_0,60
TRLV_86_0,60
TRLV_87_0,60
TRLV_88_0,60
TRLV_88_1,60
TRLV_89_0,60
TRLV_90_0,60
TRLV_91_0,60
TRLV_91_1,60
TRLV_92_0,60
TRLV_92_1,60
TRLV_93_0,60
TRLV_93_1,60
TRLV_94_0,60
TRLV_94_1,60
TRLV_95_0,60
TRLV_96_0,60
TRLV_97_0,60
TRLV_98_0,60
TRLV_99_0,60
TRLV_100_0,60
TRLV_100_1,60
TRLV_101_0,60
TRLV_102_0,60
TRLV_103_0,60
TRLV_104_0,60
TRLV_105_0,60
TRLV_105_1,60
TRLV_106_0,60
TRLV_106_1,60
TRLV_107_0,60
TRLV_108_0,60
TRLV_109_0,60
TRLV_109_1,60
TRLV_110_0,60
TRLV_110_1,60
TRLV_111_0,60
TRLV_112_0,60
TRLV_113_0,60
TRLV_114_0,60
TRLV_114_1,60
TRLV_115_0,60
TRLV_115_1,60
TRLV_116_0,60
TRLV_117_0,60
TRLV_117_1,60
TRLV_118_0,60
TRLV_120_0,60
TRLV_121_0,60
TRLV_122_0,60
TRLV_122_1,60
TRLV_123_0,60
TRLV_123_1,60
TRLV_124_0,60
TRLV_124_1,60
TRLV_125_0,60
TRLV_126_0,60
TRLV_126_1,60
TRLV_127_0,60
TRLV_127_1,60
TRLV_128_0,60
TRLV_129_0,60
TRLV_130_0,60
TRLV_131_0,60
TRLV_131_1,60
TRLV_132_0,60
TRLV_133_0,60
TRLV_134_0,60
TRLV_135_0,60
TRLV_136_0,60
TRLV_137_0,60
TRLV_138_0,60
TRLV_139_0,60
TRLV_140_0,60
TRLV_140_1,60
TRLV_141_0,60
TRLV_142_0,60
TRLV_143_0,60
TRLV_143_1,60
TRLV_144_0,60
TRLV_144_1,60
TRLV_145_0,60
TRLV_146_0,60
TRLV_146_1,60
TRLV_147_0,60
TRLV_147_1,60
TRLV_148_0,60
TRLV_148_1,60
TRLV_149_0,60
TRLV_150_0,60
TRLV_151_0,60
TRLV_152_0,60
TRLV_153_0,60
TRLV_153_1,60
TRLV_154_0,60
TRLV_155_0,60
TRLV_156_0,60
TRLV_157_0,60
TRLV_158_0,60
TRLV_158_1,60
TRLV_159_0,60
TRLV_160_0,60
TRLV_160_1,60
TRLV_161_0,60
TRLV_161_1,60
TRLV_162_0,60
TRLV_162_1,60
TRLV_163_0,60
TRLV_163_1,60
TRLV_164_0,60
TRLV_164_1,60
TRLV_165_0,60
TRLV_165_1,60
TRLV_166_0,60
TRLV_166_1,60
TRLV_167_0,60
TRLV_167_1,60
TRLV_168_0,60
TRLV_168_1,60
TRLV_169_0,60
TRLV_169_1,60
TRLV_170_0,60
TRLV_171_0,60
TRLV_171_1,60
TRLV_172_0,60
TRLV_172_1,60
TRLV_173_0,60
TRLV_173_1,60
TRLV_174_0,60
TRLV_175_0,60
TRLV_176_0,60
TRLV_177_0,60
TRLV_178_0,60
TRLV_178_1,60
TRLV_179_0,60
TRLV_179_1,60
TRLV_180_0,60
TRLV_180_1,60
TRLV_181_0,60
TRLV_181_1,60
TRLV_182_0,60
TRLV_182_1,60
TRLV_183_0,60
TRLV_183_1,60
TRLV_184_0,60
TRLV_184_1,60
TRLV_185_0,60
TRLV_186_0,60
TRLV_187_0,60
TRLV_187_1,60
TRLV_188_0,60
TRLV_188_1,60
TRLV_189_0,60
TRLV_190_0,60
TRLV_190_1,60
TRLV_191_0,60
TRLV_192_0,60
TRLV_193_0,60
TRLV_194_0,60
TRLV_194_1,60
TRLV_195_0,60
TRLV_196_0,60
TRLV_197_0,60
TRLV_197_1,60
TRLV_198_0,60
TRLV_198_1,60
TRLV_199_0,60
TRLV_199_1,60
TRLV_200_0,60
TRLV_200_1,60
TRLV_201_0,60
TRLV_201_1,60
TRLV_202_0,60
TRLV_202_1,60
TRLV_203_0,60
TRLV_203_1,60
TRLV_204_0,60
TRLV_204_1,60
TRLV_205_0,60
TRLV_205_1,60
TRLV_206_0,60
TRLV_206_1,60
TRLV_207_0,60
TRLV_207_1,60
TRLV_208_0,60
TRLV_208_1,60
TRLV_209_0,60
TRLV_209_1,60
TRLV_210_0,60
TRLV_211_0,60
TRLV_212_0,60
TRLV_213_0,60
TRLV_214_0,60
TRLV_215_0,60
TRLV_215_1,60
TRLV_216_0,60
TRLV_217_0,60
TRLV_217_1,60
TRLV_218_0,60
TRLV_218_1,60
TRLV_219_0,60
TRLV_219_1,60
TRLV_220_0,60
TRLV_220_1,60
TRLV_221_0,60
TRLV_221_1,60
TRLV_222_0,60
TRLV_222_1,60
TRLV_223_0,60
TRLV_223_1,60
TRLV_224_0,60
TRLV_224_1,60
TRLV_225_0,60
TRLV_225_1,60
TRLV_226_0,60
TRLV_226_1,60
TRLV_227_0,60
TRLV_227_1,60
TRLV_228_0,60
TRLV_228_1,60
TRLV_229_0,60
TRLV_229_1,60
TRLV_230_0,60
TRLV_231_0,60
TRLV_232_0,60
TRLV_233_0,60
TRLV_234_0,60
TRLV_235_0,60
TRLV_235_1,60
TRLV_236_0,60
TRLV_237_0,60
TRLV_237_1,60
TRLV_238_0,60
TRLV_238_1,60
TRLV_239_0,60
TRLV_239_1,60
TRLV_240_0,60
TRLV_240_1,60
TRLV_241_0,60
TRLV_241_1,60
TRLV_242_0,60
TRLV_242_1,60
TRLV_243_0,60
TRLV_243_1,60
TRLV_244_0,60
TRLV_244_1,60
TRLV_245_0,60
TRLV_245_1,60
TRLV_246_0,60
TRLV_246_1,60
TRLV_247_0,60
TRLV_247_1,60
TRLV_248_0,60
TRLV_248_1,60
TRLV_249_0,60
TRLV_249_1,60
TRLV_250_0,60
TRLV_252_0,60
TRLV_252_1,60
TRLV_253_0,60
TRLV_253_1,60
TRLV_254_0,60
TRLV_255_0,60
TRLV_256_0,60
TRLV_257_0,60
TRLV_257_1,60
TRLV_258_0,60
TRLV_258_1,60
TRLV_259_0,60
TRLV_259_1,60
TRLV_260_0,60
TRLV_260_1,60
TRLV_261_0,60
TRLV_261_1,60
TRLV_262_0,60
TRLV_262_1,60
TRLV_263_0,60
TRLV_263_1,60
TRLV_264_0,60
TRLV_264_1,60
TRLV_265_0,60
TRLV_265_1,60
TRLV_266_0,60
TRLV_266_1,60
TRLV_267_0,60
TRLV_267_1,60
TRLV_268_0,60
TRLV_268_1,60
TRLV_269_0,60
TRLV_269_1,60
TRLV_270_0,60
TRLV_270_1,60
TRLV_271_0,60
TRLV_272_0,60
TRLV_273_0,60
TRLV_273_1,60
TRLV_274_0,60
TRLV_275_0,60
TRLV_276_0,60
TRLV_277_0,60
TRLV_277_1,60
TRLV_278_0,60
TRLV_278_1,60
TRLV_279_0,60
TRLV_279_1,60
TRLV_280_0,60
TRLV_280_1,60
TRLV_281_0,60
TRLV_281_1,60
TRLV_282_0,60
TRLV_282_1,60
TRLV_283_0,60
TRLV_283_1,60
TRLV_284_0,60
TRLV_284_1,60
TRLV_285_0,60
TRLV_285_1,60
TRLV_286_0,60
TRLV_286_1,60
TRLV_287_0,60
TRLV_287_1,60
TRLV_288_0,60
TRLV_288_1,60
TRLV_289_0,60
TRLV_290_0,60
TRLV_291_0,60
TRLV_291_1,60
TRLV_292_0,60
TRLV_292_1,60
TRLV_293_0,60
TRLV_294_0,60
TRLV_295_0,60
TRLV_296_0,60
TRLV_296_1,60
TRLV_297_0,60
TRLV_298_0,60
TRLV_299_0,60
TRLV_300_0,60
TRLV_300_1,60
TRLV_301_0,60
TRLV_301_1,60
TRLV_302_0,60
TRLV_302_1,60
TRLV_303_0,60
TRLV_303_1,60
TRLV_304_0,60
TRLV_304_1,60
TRLV_305_0,60
TRLV_305_1,60
TRLV_306_0,60
TRLV_307_0,60
TRLV_308_0,60
TRLV_309_0,60
TRLV_310_0,60
TRLV_310_1,60
TRLV_311_0,60
TRLV_312_0,60
TRLV_313_0,60
TRLV_314_0,60
TRLV_314_1,60
TRLV_315_0,60
TRLV_316_0,60
TRLV_316_1,60
TRLV_317_0,60
TRLV_317_1,60
TRLV_318_0,60
TRLV_318_1,60
TRLV_319_0,60
TRLV_319_1,60
TRLV_320_0,60
TRLV_320_1,60
TRLV_321_0,60
TRLV_321_1,60
TRLV_322_0,60
TRLV_322_1,60
TRLV_323_0,60
TRLV_324_0,60
TRLV_325_0,60
TRLV_326_0,60
TRLV_327_0,60
TRLV_327_1,60
TRLV_328_0,60
TRLV_329_0,60
TRLV_330_0,60
TRLV_330_1,60
TRLV_331_0,60
TRLV_332_0,60
TRLV_332_1,60
TRLV_333_0,60
TRLV_333_1,60
TRLV_334_0,60
TRLV_334_1,60
TRLV_335_0,60
TRLV_335_1,60
TRLV_336_0,60
TRLV_336_1,60
TRLV_339_0,60
TRLV_340_0,60
TRLV_341_0,60
TRLV_341_1,60
TRLV_342_0,60
TRLV_342_1,60
TRLV_343_0,60
TRLV_343_1,60
TRLV_344_0,60
TRLV_344_1,60
TRLV_345_0,60
TRLV_345_1,60
TRLV_346_0,60
TRLV_346_1,60
TRLV_347_0,60
TRLV_347_1,60
TRLV_351_0,60
TRLV_352_0,60
TRLV_352_1,60
TRLV_353_0,60
TRLV_354_0,60
TRLV_354_1,60
TRLV_355_0,60
TRLV_355_1,60
TRLV_356_0,60
TRLV_357_0,60
TRLV_357_1,60
TRLV_358_0,60
TRLV_358_1,60
TRLV_359_0,60
TRLV_359_1,60
TRLV_360_0,60
TRLV_361_0,60
TRLV_361_1,60
TRLV_362_0,60
TRLV_362_1,60
TRLV_363_0,60
TRLV_364_0,60
TRLV_364_1,60
TRLV_365_0,60
TRLV_365_1,60
TRLV_366_0,60
TRLV_367_0,60
TRLV_367_1,60
TRLV_368_0,60
TRLV_368_1,60
TRLV_369_0,60
TRLV_369_1,60
TRLV_370_0,60
TRLV_370_1,60
TRLV_371_0,60
TRLV_371_1,60
TRLV_372_0,60
TRLV_373_0,60
TRLV_373_1,60
TRLV_374_0,60
TRLV_374_1,60
TRLV_375_0,60
TRLV_375_1,60
TRLV_376_0,60
TRLV_376_1,60
